{
    "typography": {
        "name": "Normal-1",
        "isDefault": true,
        "title": {
            "font-weight": "400",
            "font-size": 6,
            "line-height": "1_1",
            "margin-top": 20,
            "margin-bottom": 20,
            "LG": {
                "font-size": 4.5
            },
            "SM": {
                "font-size": 3.75
            },
            "XS": {
                "font-size": 3
            }
        },
        "subtitle": {
            "font-weight": "400",
            "font-size": 3,
            "line-height": "1_1",
            "margin-top": 20,
            "margin-bottom": 20,
            "SM": {
                "font-size": 2.25
            },
            "XS": {
                "font-size": 1.875
            }
        },
        "h1": {
            "font-weight": "400",
            "font-size": 4.5,
            "line-height": "1_1",
            "margin-top": 20,
            "margin-bottom": 20,
            "LG": {
                "font-size": 3.75
            },
            "SM": {
                "font-size": 3
            },
            "XS": {
                "font-size": 2.25
            }
        },
        "h2": {
            "font-weight": "400",
            "font-size": 3,
            "line-height": "1_1",
            "margin-top": 20,
            "margin-bottom": 20,
            "SM": {
                "font-size": 2.25
            },
            "XS": {
                "font-size": 1.875
            }
        },
        "h3": {
            "font-weight": "400",
            "font-size": 2.25,
            "line-height": "1_2",
            "margin-top": 20,
            "margin-bottom": 20,
            "SM": {
                "font-size": 1.875
            },
            "XS": {
                "font-size": 1.5
            }
        },
        "h4": {
            "font-weight": "400",
            "font-size": 1.5,
            "line-height": "1_2",
            "margin-top": 20,
            "margin-bottom": 20
        },
        "h5": {
            "font-weight": "400",
            "font-size": 1.25,
            "line-height": "1_2",
            "margin-top": 20,
            "margin-bottom": 20
        },
        "h6": {
            "font-weight": "400",
            "font-size": 1.125,
            "line-height": "1_2",
            "margin-top": 20,
            "margin-bottom": 20
        },
        "largeText": {
            "font-size": 1.5,
            "margin-top": 20,
            "margin-bottom": 20
        },
        "smallText": {
            "font-size": 0.875,
            "margin-top": 20,
            "margin-bottom": 20
        },
        "text": {
            "font-size": 1.125,
            "margin-top": 20,
            "margin-bottom": 20,
            "line-height": "1_6",
            "SM": {
                "font-size": 1
            }
        },
        "hyperlink": {
            "font-size": 1.125,
            "text-color": "palette-1-base",
            "line-height": "1_6",
            "SM": {
                "font-size": 1
            }
        },
        "link": {},
        "button": {
            "color": "palette-1-base",
            "margin-top": 20,
            "margin-bottom": 20
        },
        "blockquote": {
            "font-size": 1.125,
            "font-style": "italic",
            "indent": 20,
            "border": 4,
            "border-color": "palette-1-base",
            "margin-top": 20,
            "margin-bottom": 20,
            "line-height": "1_6",
            "SM": {
                "font-size": 1
            }
        },
        "metadata": {
            "margin-top": 20,
            "margin-bottom": 20,
            "line-height": "1_6"
        },
        "list": {
            "font-size": 1.125,
            "margin-top": 20,
            "margin-bottom": 20,
            "line-height": "1_6",
            "SM": {
                "font-size": 1
            }
        },
        "orderedlist": {
            "font-size": 1.125,
            "margin-top": 20,
            "margin-bottom": 20,
            "line-height": "1_6",
            "SM": {
                "font-size": 1
            }
        },
        "postContent": {
            "font-size": 1.125,
            "margin-top": 20,
            "margin-bottom": 20,
            "line-height": "1_6",
            "SM": {
                "font-size": 1
            }
        },
        "theme": {
            "gradient": "",
            "image": "",
            "sheet-width-xl": 1140,
            "sheet-width-lg": 940,
            "sheet-width-md": 720,
            "sheet-width-sm": 540,
            "sheet-width-xs": 340
        },
        "htmlBaseSize": 16,
        "form-input": {
            "border": 1,
            "border-color": "grey-30",
            "borders": "top right bottom left",
            "color": "white",
            "text-color": "black"
        }
    },
    "fontScheme": {
        "name": "Roboto-OpenSans",
        "default": true,
        "isDefault": true,
        "fonts": {
            "heading": "Roboto, sans-serif",
            "text": "Open Sans, sans-serif",
            "accent": "Arial, sans-serif",
            "headingTitle": "Roboto",
            "textTitle": "Open Sans"
        }
    },
    "colorScheme": {
        "name": "summer-time",
        "isDefault": true,
        "bodyColors": [
            "#111111",
            "#ffffff"
        ],
        "colors": [
            "#478ac9",
            "#db545a",
            "#f1c50e",
            "#2cccc4",
            "#b9c1cc"
        ],
        "bgColor": "#ffffff",
        "shadingContrast": "body-alt-color",
        "whiteContrast": "body-color",
        "bgContrast": "body-color"
    }
}